<?xml version="1.0" encoding="utf-8"?>
<extension type="component" version="2.5" method="upgrade">
        <name>COM_YOUTUBEGALLERY</name>
        <author>DesignCompass corp</author>
        <authorEmail>support@joomlaboat.com</authorEmail>
        <authorUrl>http://joomlaboat.com</authorUrl>
	<license>GNU General Public License</license>
        <copyright>Copyright (C) Design Compass corp. All rights reserved.</copyright>
        <creationDate>July 2013</creationDate>
        <version>3.4.4</version>
        <description>COM_YOUTUBEGALLERY_DESCRIPTION</description>
        
        
        <scriptfile>install.php</scriptfile>
        
        <install> <!-- Runs on install -->
                <sql>
                        <file driver="mysql" charset="utf8">sql/install.mysql.utf8.sql</file>
                </sql>
        </install>
        
        
        <uninstall> <!-- Runs on uninstall -->
                <sql>
                        <file driver="mysql" charset="utf8">sql/uninstall.mysql.utf8.sql</file>
                </sql>
        </uninstall>
        

        
        <update>
                <schemas>
                        <schemapath type="mysql">sql/updates/mysql</schemapath>
                </schemas>
        </update>
 
        <files folder="site">
                <filename>index.html</filename>
                <filename>youtubegallery.php</filename>
                <filename>controller.php</filename>
                <filename>router.php</filename>
                
                <folder>includes</folder>
                
                <folder>images</folder>
                <folder>language</folder>
                <folder>models</folder>
                <folder>views</folder>
                
                
        </files>
 

        <administration>
                <!-- Administration Menu Section -->
                <menu>COM_YOUTUBEGALLERY_MENU</menu>
                <!-- Administration Main File Copy Section -->
                <!-- Note the folder attribute: This attribute describes the folder
                        to copy FROM in the package to install therefore files copied
                        in this section are copied from /admin/ in the package -->
                <files folder="admin">
                        <!-- Admin Main File Copy Section -->
                        <filename>index.html</filename>
                        <filename>youtubegallery.php</filename>
                        <filename>controller.php</filename>
                        <!-- SQL files section -->
                        <folder>sql</folder>
                        <!-- tables files section -->
                        <folder>tables</folder>
                        <!-- models files section -->
                        <folder>models</folder>
                        <!-- views files section -->
                        <folder>views</folder>
                        <!-- controllers files section -->
                        <folder>controllers</folder>                        
                        
                </files>
                <languages folder="admin">
                        <language tag="en-GB">language/en-GB/en-GB.com_youtubegallery.ini</language>
                        <language tag="en-GB">language/en-GB/en-GB.com_youtubegallery.sys.ini</language>
                </languages>
        </administration>               
 
 
        <modules>
                <module folder="modules" module="mod_youtubegallery" name="Youtube Gallery" />
        </modules>
        
        <plugins>
                <plugin folder="plugins/content" plugin="youtubegallery" name="Content - Youtube Gallery" group="content" />
        </plugins>
        
</extension>
