<?xml version="1.0" encoding="utf-8" ?><data>
	
	<settings>
		<gallery_width>800</gallery_width>
		<gallery_height>410</gallery_height>
		<title_size>14</title_size>
		<title_color>FFFFFF</title_color>
		<description_size>12</description_size>
		<description_color>FFFFFF</description_color>
		<auto_play>true</auto_play>
		<change_time>10</change_time>
		<accord_location>left</accord_location>
		<tab>
			<width>50</width>
			<shadow>true</shadow>
			<open_time>0.5</open_time>
			<open_mode>click</open_mode>
			<font_size>25</font_size>
			<text_color>FFFFFF</text_color>
			<background_color>555555</background_color>
			<background_color_over>ff5a01</background_color_over>
		</tab>

		<display_template>
			<type>3</type>
			<change_time>.5</change_time>			

		<template_fourth>
				<link_text>Read More</link_text>
				<description_width>250</description_width>
				<description_background_color>000000</description_background_color>
				<description_background_alpha>0.5</description_background_alpha>
			</template_fourth>
				
		
		<template_third>
				<description_height>81</description_height>
				<description_background_color>000000</description_background_color>
				<description_background_alpha>0.5</description_background_alpha>
			</template_third>

			<template_second>
				<link_text>Read More</link_text>
				<description_width>250</description_width>
				<description_background_color>000000</description_background_color>				
			</template_second>
			
			<template_first>
				<link_text>Read More</link_text>
				<picture_height>234</picture_height>
			</template_first>
			
			<controls>
				<show>true</show>
				<button_width>11</button_width>
				<button_height>11</button_height>
				<button_color>ffffff</button_color>
				<button_color_over>ff5a01</button_color_over>
			</controls>
		</display_template>

		<price>
			<x>100</x>
			<y>100</y>
			<width>120</width>
			<height>120</height>
			<img>http://localhost/Joomla_2.5.6/components/com_accordiongallery/price_images/flower_blue.png</img>
			<symbol>$</symbol>
			<label_size>20</label_size>
			<label_color>FFFFFF</label_color>
		</price>

	</settings>
	<snow_effect 	
		type="1"
		
		minimumSize="0.7"
		maximumSize="1.1"
		
		minimumSpeedY="2"
		maximumSpeedY="4"
		
		minimumSpeedX="0"
		maximumSpeedX="0"
		
		numOfParticles="120"
		
		minimumRotation="0"
		maximumRotation="0"
		
		minimumAlpha="1"
		maximumAlpha="1"
		
		minimumBlur="0"
		maximumBlur="6"
	/> <tabs>  <tab> <name><![CDATA[Category3]]></name> <element> <link target="_self">www.google.com</link> <picture  scale="false">http://localhost/Joomla_2.5.6/images/accordiongallery/gallery/Hydrangeas.jpg</picture> <title>Picture3</title> <description>Lorem ipsum dolor sit amet, consectetur adipiscing elit. Praesent dignissim leo in nunc egestas cursus. Nullam ac turpis tortor, egestas placerat risus. Integer in urna eget risus euismod lobortis vitae.</description><price><regular></regular><updated></updated>	</price> </element>	</tab> <tab> <name><![CDATA[Category2]]></name> <element> <link target="_self"></link> <picture  scale="false">http://localhost/Joomla_2.5.6/images/accordiongallery/gallery/Desert.jpg</picture> <title>Picture2</title> <description></description><price><regular></regular><updated></updated>	</price> </element>	</tab> <tab> <name><![CDATA[Category1]]></name> <element> <link target="_self"></link> <picture  scale="false">http://localhost/Joomla_2.5.6/images/accordiongallery/gallery/Lighthouse.jpg</picture> <title>Picture4</title> <description></description><price><regular></regular><updated></updated>	</price> </element> <element> <link target="_self"></link> <picture  scale="false">http://localhost/Joomla_2.5.6/images/accordiongallery/gallery/Chrysanthemum.jpg</picture> <title>Picture1</title> <description></description><price><regular></regular><updated></updated>	</price> </element>	</tab></tabs></data>