<?xml version="1.0" encoding="utf-8"?>
<extension version="1.6.0" type="plugin" group="system" method="upgrade">
    <name>Installer</name>
	<author>RocketTheme, LLC</author>
	<creationDate>May 27, 2013</creationDate>
	<copyright>(C) 2005 - 2013 RocketTheme, LLC. All rights reserved.</copyright>
	<license>http://www.gnu.org/copyleft/gpl.html GNU/GPL</license>
	<authorEmail>support@rockettheme.com</authorEmail>
	<authorUrl>http://www.rockettheme.com</authorUrl>
	<version>2.0.0</version>
    <description>RokQuickCart for Joomla! v2.0.0</description>
    <scriptfile>install.script.php</scriptfile>
    <files>
        <filename plugin="rokquickcart_installer">installer.php</filename>
    </files>
    <cogs>
        <cog type="component" client="administrator" access="0" enabled="true" protected="false">
            com_rokquickcart
            <name>RokQuickCart Component</name>
            <description>RokQuickCart Component for Joomla</description>
        </cog>
    </cogs>
</extension>
