<?xml version="1.0" encoding="utf-8"?>
<extension
	type="module"
	version="2.5"
	client="site"
	method="upgrade">
	<name>JT bxSlider Images for Phoca Gallery</name>
	<author>JTemplate.ru</author>
	<creationDate>12/12/2012</creationDate>
	<copyright>Copyright (C) 2011-2013 Jtemplate.ru. All Rights Reserved.</copyright>
	<license>GNU General Public License version 2 or later; see LICENSE.txt</license>
	<authorEmail>jtemplateru@yandex.ru</authorEmail>
	<authoralt>http://www.jtemplate.ru</authoralt>
	<version>1.0</version>
	<description>JT bxSlider Images for Phoca Gallery (jQuery)</description>
	<files>	
		<filename module="mod_jt_bxslider_phocagallery">mod_jt_bxslider_phocagallery.php</filename>
		<filename>index.html</filename>
		<filename>mod_jt_bxslider_phocagallery.php</filename>
		<filename>mod_jt_bxslider_phocagallery.xml</filename>
		<folder>images</folder>
		<folder>css</folder>
		<folder>tmpl</folder>	
		<folder>js</folder>
		<folder>admin</folder>	       
    </files>
	
	<languages>	
		<language tag="en-GB">en-GB.mod_jt_bxslider_phocagallery.ini</language>
		<language tag="en-GB">en-GB.mod_jt_bxslider_phocagallery.sys.ini</language>
		<language tag="ru-RU">ru-RU.mod_jt_bxslider_phocagallery.ini</language>
		<language tag="ru-RU">ru-RU.mod_jt_bxslider_phocagallery.sys.ini</language>
	</languages>
		
	<config>
		<fields name="params">
			<fieldset name="basic" addfieldpath="/modules/mod_jt_bxslider_phocagallery/admin/elements">
			
				<field type="asset" path="modules/mod_jt_bxslider_phocagallery/admin/" />
				
				<field 
					name="jt_id" 
					type="text" 
					default="id" 
					label="MOD_JT_BXSLIDER_PHOCAGALLERY_FIELD_JT_ID_LABEL" 
					description="MOD_JT_BXSLIDER_PHOCAGALLERY_FIELD_JT_ID_DESC"/>
				
				<field
						name="jt_load_jquery"
						type="radio"
						default="1"
						class="btn-group"
						label="MOD_JT_BXSLIDER_PHOCAGALLERY_FIELD_LOAD_JQ_LABEL"
						description="MOD_JT_BXSLIDER_PHOCAGALLERY_FIELD_LOAD_JQ_DESC" >
						<option value="0">JNO</option>
						<option value="1">JYES</option>
				</field>
				
				<field
						name="jt_jquery_ver"
						type="text"
						default="1.8.3"
						label="MOD_JT_BXSLIDER_PHOCAGALLERY_FIELD_JQUERYVER_LABEL"
						description="MOD_JT_BXSLIDER_PHOCAGALLERY_FIELD_JQUERYVER_DESC" />
						
						
				<field
						name="jt_load_easing"
						type="radio"
						default="1"
						class="btn-group"
						label="MOD_JT_BXSLIDER_PHOCAGALLERY_FIELD_LOAD_EASING_LABEL"
						description="MOD_JT_BXSLIDER_PHOCAGALLERY_FIELD_LOAD_EASING_DESC" >
						<option value="0">JNO</option>
						<option value="1">JYES</option>
				</field>
				
				<field
						name="jt_load_bxslider"
						type="radio"
						default="1"
						class="btn-group"
						label="MOD_JT_BXSLIDER_PHOCAGALLERY_FIELD_SCRIPT_BX_LABEL"
						description="MOD_JT_BXSLIDER_PHOCAGALLERY_FIELD_SCRIPT_BX_DESC" >
						<option value="0">JNO</option>
						<option value="1">JYES</option>
				</field>
				
				<field
						name="jt_load_scripts"
						type="list"
						default="1"
						label="MOD_JT_BXSLIDER_PHOCAGALLERY_FIELD_LOAD_SCRIPTS_LABEL"
						description="MOD_JT_BXSLIDER_PHOCAGALLERY_FIELD_LOAD_SCRIPTS_DESC" >
						<option value="0">addScript</option>
						<option value="1">addCustomTag</option>
						<option value="2">addBody</option>
						<option value="3">No load all scripts</option>
				</field>
				
				
				<field 
					name="category_id"
					type="text" 
					default="1"
					label="MOD_JT_BXSLIDER_PHOCAGALLERY_FIELD_CATEGORY_ID_LABEL"
					description="MOD_JT_BXSLIDER_PHOCAGALLERY_FIELD_CATEGORY_ID_DESC" />

				<field 
					name="count_images"
					type="text" 
					default="5" 
					label="MOD_JT_BXSLIDER_PHOCAGALLERY_FIELD_COUNT_IMAGES_LABEL"
					description="MOD_JT_BXSLIDER_PHOCAGALLERY_FIELD_COUNT_IMAGES_DESC" />			
				
				
				
				<field
					name="jt_mode"
					type="list"
					default="horizontal"
					label="MOD_JT_BXSLIDER_PHOCAGALLERY_FIELD_MODE_LABEL"
					description="MOD_JT_BXSLIDER_PHOCAGALLERY_FIELD_MODE_DESC" >
					<option value="horizontal">horizontal</option>
					<option value="vertical">vertical</option>
					<option value="fade">fade</option>
				</field>
								
				<field
					name="jt_random_start"
					type="radio"
					class="btn-group"
					default="false"
					label="MOD_JT_BXSLIDER_PHOCAGALLERY_FIELD_JT_RANDOM_START_LABEL"
					description="MOD_JT_BXSLIDER_PHOCAGALLERY_FIELD_JT_RANDOM_START_DESC" >
					<option value="true">JYES</option>
					<option value="false">JNO</option>
				</field>
				
				<field
					name="jt_title"
					type="radio"
					class="btn-group"
					default="true"
					label="MOD_JT_BXSLIDER_PHOCAGALLERY_FIELD_JT_TITLE_LABEL"
					description="MOD_JT_BXSLIDER_PHOCAGALLERY_FIELD_JT_TITLE_DESC" >
					<option value="true">JYES</option>
					<option value="false">JNO</option>
				</field>

				<!--
				<field 
					name="jt_width" 
					type="text" 
					default="960" 
					label="MOD_JT_BXSLIDER_PHOCAGALLERY_FIELD_WIDTH_LABEL" 
					description="MOD_JT_BXSLIDER_PHOCAGALLERY_FIELD_WIDTH_DESC"/>
										
				<field 
					name="jt_height" 
					type="text" 
					default="300" 
					label="MOD_JT_BXSLIDER_PHOCAGALLERY_FIELD_HEIGHT_LABEL" 
					description="MOD_JT_BXSLIDER_PHOCAGALLERY_FIELD_HEIGHT_DESC"/>  
				-->
					
				<field
					name="jt_adaptive_height"
					type="radio"
					class="btn-group"
					default="false"
					label="MOD_JT_BXSLIDER_PHOCAGALLERY_FIELD_JT_ADAPTIVE_HEIGHT_LABEL"
					description="MOD_JT_BXSLIDER_PHOCAGALLERY_FIELD_JT_ADAPTIVE_HEIGHT_DESC" >
					<option value="true">JYES</option>
					<option value="false">JNO</option>
				</field>
				
				<field 
					name="jt_adaptive_height_speed" 
					type="text" 
					default="500" 
					label="MOD_JT_BXSLIDER_PHOCAGALLERY_FIELD_JT_ADAPTIVE_HEIGHT_SPEED_LABEL" 
					description="MOD_JT_BXSLIDER_PHOCAGALLERY_FIELD_JT_ADAPTIVE_HEIGHT_SPEED_DESC"/>
				

				<field 
					name="jt_min_slides" 
					type="text" 
					default="1" 
					label="MOD_JT_BXSLIDER_PHOCAGALLERY_FIELD_JT_MIN_SLIDES_LABEL" 
					description="MOD_JT_BXSLIDER_PHOCAGALLERY_FIELD_JT_MIN_SLIDES_DESC"/>
				
				<field 
					name="jt_max_slides" 
					type="text" 
					default="1" 
					label="MOD_JT_BXSLIDER_PHOCAGALLERY_FIELD_JT_MAX_SLIDES_LABEL" 
					description="MOD_JT_BXSLIDER_PHOCAGALLERY_FIELD_JT_MAX_SLIDES_DESC"/>

				
				<field 
					name="jt_slide_width" 
					type="text" 
					default="0" 
					label="MOD_JT_BXSLIDER_PHOCAGALLERY_FIELD_JT_SLIDE_WIDTH_LABEL" 
					description="MOD_JT_BXSLIDER_PHOCAGALLERY_FIELD_JT_SLIDE_WIDTH_DESC"/>
					
					
				<field 
					name="jt_slide_margin" 
					type="text" 
					default="0" 
					label="MOD_JT_BXSLIDER_PHOCAGALLERY_FIELD_JT_SLIDE_MARGIN_LABEL" 
					description="MOD_JT_BXSLIDER_PHOCAGALLERY_FIELD_JT_SLIDE_MARGIN_DESC"/>
				
								
				<field
					name="jt_speed"
					type="text"
					default="500"
					label="MOD_JT_BXSLIDER_PHOCAGALLERY_FIELD_SPEED_LABEL"
					description="MOD_JT_BXSLIDER_PHOCAGALLERY_FIELD_SPEED_DESC" />				
				<field
					name="jt_controls"
					type="radio"
					class="btn-group"
					default="true"
					label="MOD_JT_BXSLIDER_PHOCAGALLERY_FIELD_CONTROLS_LABEL"
					description="MOD_JT_BXSLIDER_PHOCAGALLERY_FIELD_CONTROLS_DESC" >
					<option value="true">JYES</option>
					<option value="false">JNO</option>
				</field>				
				<field
					name="jt_auto"
					type="radio"
					class="btn-group"
					default="false"
					label="MOD_JT_BXSLIDER_PHOCAGALLERY_FIELD_AUTO_LABEL"
					description="MOD_JT_BXSLIDER_PHOCAGALLERY_FIELD_AUTO_DESC" >
					<option value="true">JYES</option>
					<option value="false">JNO</option>
				</field>

				<field
					name="jt_auto_controls"
					type="radio"
					class="btn-group"
					default="false"
					label="MOD_JT_BXSLIDER_PHOCAGALLERY_FIELD_AUTOCONTROLS_LABEL"
					description="MOD_JT_BXSLIDER_PHOCAGALLERY_FIELD_AUTOCONTROLS_DESC" >
					<option value="true">JYES</option>
					<option value="false">JNO</option>
				</field>
				
				<field
					name="jt_autohover"
					type="radio"
					class="btn-group"
					default="false"
					label="MOD_JT_BXSLIDER_PHOCAGALLERY_FIELD_AUTOHOVER_LABEL"
					description="MOD_JT_BXSLIDER_PHOCAGALLERY_FIELD_AUTOHOVER_DESC" >
					<option value="true">JYES</option>
					<option value="false">JNO</option>
				</field>
					
				<field
					name="jt_pause"
					type="text"
					default="3000"
					label="MOD_JT_BXSLIDER_PHOCAGALLERY_FIELD_PAUSE_LABEL"
					description="MOD_JT_BXSLIDER_PHOCAGALLERY_FIELD_PAUSE_DESC" />
					
				
				<field
					name="jt_auto_delay"
					type="text"
					default="0"
					label="MOD_JT_BXSLIDER_PHOCAGALLERY_FIELD_AUTODELAY_LABEL"
					description="MOD_JT_BXSLIDER_PHOCAGALLERY_FIELD_AUTODELAY_DESC" />	
				<field
					name="jt_pager"
					type="radio"
					class="btn-group"
					default="true"
					label="MOD_JT_BXSLIDER_PHOCAGALLERY_FIELD_PAGER_LABEL"
					description="MOD_JT_BXSLIDER_PHOCAGALLERY_FIELD_PAGER_DESC" >
					<option value="true">JYES</option>
					<option value="false">JNO</option>
				</field>	
				<field
					name="jt_pager_type"
					type="radio"
					class="btn-group"
					default="full"
					label="MOD_JT_BXSLIDER_PHOCAGALLERY_FIELD_PAGERTYPE_LABEL"
					description="MOD_JT_BXSLIDER_PHOCAGALLERY_FIELD_PAGERTYPE_DESC" >
					<option value="short">short</option>
					<option value="full">full</option>
				</field>
				<field
					name="jt_pager_saparator"
					type="text"
					default="/"
					label="MOD_JT_BXSLIDER_PHOCAGALLERY_FIELD_PAGER_SAPARATOR_LABEL"
					description="MOD_JT_BXSLIDER_PHOCAGALLERY_FIELD_PAGER_SAPARATOR_DESC" />
				
				<field
					name="jt_adaptive_height"
					type="radio"
					class="btn-group"
					default="false"
					label="MOD_JT_BXSLIDER_PHOCAGALLERY_FIELD_JT_ADAPTIVE_HEIGHT_LABEL"
					description="MOD_JT_BXSLIDER_PHOCAGALLERY_FIELD_JT_ADAPTIVE_HEIGHT_DESC" >
					<option value="true">JYES</option>
					<option value="false">JNO</option>
				</field>
				
				<field 
					name="jt_adaptive_height_speed" 
					type="text" 
					default="500" 
					label="MOD_JT_BXSLIDER_PHOCAGALLERY_FIELD_JT_ADAPTIVE_HEIGHT_SPEED_LABEL" 
					description="MOD_JT_BXSLIDER_PHOCAGALLERY_FIELD_JT_ADAPTIVE_HEIGHT_SPEED_DESC"/>
					
					
				<!--
				<field
					name="jt_ticker"
					type="radio"
					class="btn-group"
					default="false"
					label="MOD_JT_BXSLIDER_PHOCAGALLERY_FIELD_JT_TICKER_LABEL"
					description="MOD_JT_BXSLIDER_PHOCAGALLERY_FIELD_JT_TICKER_DESC" >
					<option value="true">JYES</option>
					<option value="false">JNO</option>
				</field>
				
				<field
					name="jt_ticker_hover"
					type="radio"
					class="btn-group"
					default="false"
					label="MOD_JT_BXSLIDER_PHOCAGALLERY_FIELD_JT_TICKER_HOVER_LABEL"
					description="MOD_JT_BXSLIDER_PHOCAGALLERY_FIELD_JT_TICKER_HOVER_DESC" >
					<option value="true">JYES</option>
					<option value="false">JNO</option>
				</field> 
				-->
			
				
			</fieldset>
			
				
			<fieldset
				name="advanced" 
				addfieldpath="/modules/mod_jt_bxslider_phocagallery/admin/elements">
				<field
					name="layout"
					type="modulelayout"
					label="JFIELD_ALT_LAYOUT_LABEL"
					description="JFIELD_ALT_MODULE_LAYOUT_DESC" />
					
				<field
					name="moduleclass_sfx"
					type="text"
					label="COM_MODULES_FIELD_MODULECLASS_SFX_LABEL"
					description="COM_MODULES_FIELD_MODULECLASS_SFX_DESC" />

				<field
					name="cache"
					type="list"
					default="1"
					class="btn-group"
					label="COM_MODULES_FIELD_CACHING_LABEL"
					description="COM_MODULES_FIELD_CACHING_DESC">
					<option
						value="1">JGLOBAL_USE_GLOBAL</option>
					<option
						value="0">COM_MODULES_FIELD_VALUE_NOCACHING</option>
				</field>

				<field
					name="cache_time"
					type="text"
					default="900"
					label="COM_MODULES_FIELD_CACHE_TIME_LABEL"
					description="COM_MODULES_FIELD_CACHE_TIME_DESC" />
				<field
					name="cachemode"
					type="hidden"
					default="static">
					<option
						value="static"></option>
				</field>
			</fieldset>
		</fields>
	</config>
</extension>
